datetime,C_J,J,Q,ST_max,ST_min,timestep
1990/1/1,1,1,1,210,0,0
1990/1/2,1.841470985,1.005005005,1.005005005,210,0,1
1990/1/3,1.909297427,1.01001001,1.01001001,210,0,2
1990/1/4,1.141120008,1.015015015,1.015015015,210,0,3
1990/1/5,0.243197505,1.02002002,1.02002002,210,0,4
1990/1/6,0.041075725,1.025025025,1.025025025,210,0,5
1990/1/7,0.720584502,1.03003003,1.03003003,210,0,6
1990/1/8,1.656986599,1.035035035,1.035035035,210,0,7
1990/1/9,1.989358247,1.04004004,1.04004004,210,0,8
1990/1/10,1.412118485,1.045045045,1.045045045,210,0,9
1990/1/11,0.455978889,1.05005005,1.05005005,210,0,10
1990/1/12,9.79E-06,1.055055055,1.055055055,210,0,11
1990/1/13,0.463427082,1.06006006,1.06006006,210,0,12
1990/1/14,1.420167037,1.065065065,1.065065065,210,0,13
1990/1/15,1.990607356,1.07007007,1.07007007,210,0,14
1990/1/16,1.65028784,1.075075075,1.075075075,210,0,15
1990/1/17,0.712096683,1.08008008,1.08008008,210,0,16
1990/1/18,0.038602508,1.085085085,1.085085085,210,0,17
1990/1/19,0.249012753,1.09009009,1.09009009,210,0,18
1990/1/20,1.14987721,1.095095095,1.095095095,210,0,19
1990/1/21,1.912945251,1.1001001,1.1001001,210,0,20
1990/1/22,1.836655639,1.105105105,1.105105105,210,0,21
1990/1/23,0.991148691,1.11011011,1.11011011,210,0,22
1990/1/24,0.153779596,1.115115115,1.115115115,210,0,23
1990/1/25,0.094421638,1.12012012,1.12012012,210,0,24
1990/1/26,0.86764825,1.125125125,1.125125125,210,0,25
1990/1/27,1.76255845,1.13013013,1.13013013,210,0,26
1990/1/28,1.956375928,1.135135135,1.135135135,210,0,27
1990/1/29,1.270905788,1.14014014,1.14014014,210,0,28
1990/1/30,0.336366116,1.145145145,1.145145145,210,0,29
1990/1/31,0.011968376,1.15015015,1.15015015,210,0,30
1990/2/1,0.595962355,1.155155155,1.155155155,210,0,31
1990/2/2,1.551426681,1.16016016,1.16016016,210,0,32
1990/2/3,1.99991186,1.165165165,1.165165165,210,0,33
1990/2/4,1.529082686,1.17017017,1.17017017,210,0,34
1990/2/5,0.571817331,1.175175175,1.175175175,210,0,35
1990/2/6,0.008221147,1.18018018,1.18018018,210,0,36
1990/2/7,0.356461867,1.185185185,1.185185185,210,0,37
1990/2/8,1.296368579,1.19019019,1.19019019,210,0,38
1990/2/9,1.963795386,1.195195195,1.195195195,210,0,39
1990/2/10,1.74511316,1.2002002,1.2002002,210,0,40
1990/2/11,0.841377331,1.205205205,1.205205205,210,0,41
1990/2/12,0.083478452,1.21021021,1.21021021,210,0,42
1990/2/13,0.168225257,1.215215215,1.215215215,210,0,43
1990/2/14,1.017701925,1.22022022,1.22022022,210,0,44
1990/2/15,1.850903525,1.225225225,1.225225225,210,0,45
1990/2/16,1.901788348,1.23023023,1.23023023,210,0,46
1990/2/17,1.123573123,1.235235235,1.235235235,210,0,47
1990/2/18,0.231745339,1.24024024,1.24024024,210,0,48
1990/2/19,0.046247347,1.245245245,1.245245245,210,0,49
1990/2/20,0.737625146,1.25025025,1.25025025,210,0,50
1990/2/21,1.670229176,1.255255255,1.255255255,210,0,51
1990/2/22,1.986627592,1.26026026,1.26026026,210,0,52
1990/2/23,1.39592515,1.265265265,1.265265265,210,0,53
1990/2/24,0.441210951,1.27027027,1.27027027,210,0,54
1990/2/25,0.000244827,1.275275275,1.275275275,210,0,55
1990/2/26,0.478448998,1.28028028,1.28028028,210,0,56
1990/2/27,1.436164755,1.285285285,1.285285285,210,0,57
1990/2/28,1.992872648,1.29029029,1.29029029,210,0,58
1990/3/1,1.636738007,1.295295295,1.295295295,210,0,59
1990/3/2,0.695189379,1.3003003,1.3003003,210,0,60
1990/3/3,0.03388223,1.305305305,1.305305305,210,0,61
1990/3/4,0.260819303,1.31031031,1.31031031,210,0,62
1990/3/5,1.1673557,1.315315315,1.315315315,210,0,63
1990/3/6,1.920026038,1.32032032,1.32032032,210,0,64
1990/3/7,1.826828679,1.325325325,1.325325325,210,0,65
1990/3/8,0.973448846,1.33033033,1.33033033,210,0,66
1990/3/9,0.144480021,1.335335335,1.335335335,210,0,67
1990/3/10,0.102072319,1.34034034,1.34034034,210,0,68
1990/3/11,0.885215186,1.345345345,1.345345345,210,0,69
1990/3/12,1.773890682,1.35035035,1.35035035,210,0,70
1990/3/13,1.951054653,1.355355355,1.355355355,210,0,71
1990/3/14,1.253823363,1.36036036,1.36036036,210,0,72
1990/3/15,0.323228043,1.365365365,1.365365365,210,0,73
1990/3/16,0.01485374,1.37037037,1.37037037,210,0,74
1990/3/17,0.612218365,1.375375375,1.375375375,210,0,75
1990/3/18,1.566107637,1.38038038,1.38038038,210,0,76
1990/3/19,1.999520159,1.385385385,1.385385385,210,0,77
1990/3/20,1.513978456,1.39039039,1.39039039,210,0,78
1990/3/21,0.555887331,1.395395395,1.395395395,210,0,79
1990/3/22,0.006111346,1.4004004,1.4004004,210,0,80
1990/3/23,0.370112006,1.405405405,1.405405405,210,0,81
1990/3/24,1.313228782,1.41041041,1.41041041,210,0,82
1990/3/25,1.968364461,1.415415415,1.415415415,210,0,83
1990/3/26,1.73319032,1.42042042,1.42042042,210,0,84
1990/3/27,0.82392438,1.425425425,1.425425425,210,0,85
1990/3/28,0.076541553,1.43043043,1.43043043,210,0,86
1990/3/29,0.178182163,1.435435435,1.435435435,210,0,87
1990/3/30,1.035398303,1.44044044,1.44044044,210,0,88
1990/3/31,1.860069406,1.445445445,1.445445445,210,0,89
1990/4/1,1.893996664,1.45045045,1.45045045,210,0,90
1990/4/2,1.105987512,1.455455455,1.455455455,210,0,91
1990/4/3,0.22053393,1.46046046,1.46046046,210,0,92
1990/4/4,0.051717859,1.465465465,1.465465465,210,0,93
1990/4/5,0.754748015,1.47047047,1.47047047,210,0,94
1990/4/6,1.683261715,1.475475475,1.475475475,210,0,95
1990/4/7,1.983587745,1.48048048,1.48048048,210,0,96
1990/4/8,1.379607739,1.485485485,1.485485485,210,0,97
1990/4/9,0.426618128,1.49049049,1.49049049,210,0,98
1990/4/10,0.000793166,1.495495496,1.495495496,210,0,99
1990/4/11,0.493634359,1.500500501,1.500500501,210,0,100
1990/4/12,1.452025787,1.505505506,1.505505506,210,0,101
1990/4/13,1.994826791,1.510510511,1.510510511,210,0,102
1990/4/14,1.622988631,1.515515516,1.515515516,210,0,103
1990/4/15,0.678377597,1.520520521,1.520520521,210,0,104
1990/4/16,0.029464716,1.525525526,1.525525526,210,0,105
1990/4/17,0.2728575,1.530530531,1.530530531,210,0,106
1990/4/18,1.184781745,1.535535536,1.535535536,210,0,107
1990/4/19,1.926818505,1.540540541,1.540540541,210,0,108
1990/4/20,1.816742607,1.545545546,1.545545546,210,0,109
1990/4/21,0.955757322,1.550550551,1.550550551,210,0,110
1990/4/22,0.135448551,1.555555556,1.555555556,210,0,111
1990/4/23,0.110004396,1.560560561,1.560560561,210,0,112
1990/4/24,0.902818094,1.565565566,1.565565566,210,0,113
1990/4/25,1.784980389,1.570570571,1.570570571,210,0,114
1990/4/26,1.945435334,1.575575576,1.575575576,210,0,115
1990/4/27,1.236661393,1.580580581,1.580580581,210,0,116
1990/4/28,0.310302059,1.585585586,1.585585586,210,0,117
1990/4/29,0.018047831,1.590590591,1.590590591,210,0,118
1990/4/30,0.628595899,1.595595596,1.595595596,210,0,119
1990/5/1,1.580611184,1.600600601,1.600600601,210,0,120
1990/5/2,1.998815225,1.605605606,1.605605606,210,0,121
1990/5/3,1.498713154,1.610610611,1.610610611,210,0,122
1990/5/4,0.540096509,1.615615616,1.615615616,210,0,123
1990/5/5,0.004313013,1.620620621,1.620620621,210,0,124
1990/5/6,0.383959541,1.625625626,1.625625626,210,0,125
1990/5/7,1.329990826,1.630630631,1.630630631,210,0,126
1990/5/8,1.972630067,1.635635636,1.635635636,210,0,127
1990/5/9,1.721037711,1.640640641,1.640640641,210,0,128
1990/5/10,0.806526608,1.645645646,1.645645646,210,0,129
1990/5/11,0.06989405,1.650650651,1.650650651,210,0,130
1990/5/12,0.188396613,1.655655656,1.655655656,210,0,131
1990/5/13,1.053083587,1.660660661,1.660660661,210,0,132
1990/5/14,1.868965756,1.665665666,1.665665666,210,0,133
1990/5/15,1.885924816,1.670670671,1.670670671,210,0,134
1990/5/16,1.088368686,1.675675676,1.675675676,210,0,135
1990/5/17,0.209566793,1.680680681,1.680680681,210,0,136
1990/5/18,0.057485545,1.685685686,1.685685686,210,0,137
1990/5/19,0.77194774,1.690690691,1.690690691,210,0,138
1990/5/20,1.696080131,1.695695696,1.695695696,210,0,139
1990/5/21,1.980239659,1.700700701,1.700700701,210,0,140
1990/5/22,1.363171365,1.705705706,1.705705706,210,0,141
1990/5/23,0.412204993,1.710710711,1.710710711,210,0,142
1990/5/24,0.001654639,1.715715716,1.715715716,210,0,143
1990/5/25,0.508978406,1.720720721,1.720720721,210,0,144
1990/5/26,1.467745162,1.725725726,1.725725726,210,0,145
1990/5/27,1.996469173,1.730730731,1.730730731,210,0,146
1990/5/28,1.609044022,1.735735736,1.735735736,210,0,147
1990/5/29,0.661666606,1.740740741,1.740740741,210,0,148
1990/5/30,0.025351352,1.745745746,1.745745746,210,0,149
1990/5/31,0.28512357,1.750750751,1.750750751,210,0,150
1990/6/1,1.202149881,1.755755756,1.755755756,210,0,151
1990/6/2,1.933320524,1.760760761,1.760760761,210,0,152
1990/6/3,1.806400581,1.765765766,1.765765766,210,0,153
1990/6/4,0.938079663,1.770770771,1.770770771,210,0,154
1990/6/5,0.126688017,1.775775776,1.775775776,210,0,155
1990/6/6,0.118215381,1.780780781,1.780780781,210,0,156
1990/6/7,0.920451457,1.785785786,1.785785786,210,0,157
1990/6/8,1.795824097,1.790790791,1.790790791,210,0,158
1990/6/9,1.939519732,1.795795796,1.795795796,210,0,159
1990/6/10,1.219425258,1.800800801,1.800800801,210,0,160
1990/6/11,0.297592214,1.805805806,1.805805806,210,0,161
1990/6/12,0.021549649,1.810810811,1.810810811,210,0,162
1990/6/13,0.645089824,1.815815816,1.815815816,210,0,163
1990/6/14,1.594932778,1.820820821,1.820820821,210,0,164
1990/6/15,1.997797279,1.825825826,1.825825826,210,0,165
1990/6/16,1.483291564,1.830830831,1.830830831,210,0,166
1990/6/17,0.524449813,1.835835836,1.835835836,210,0,167
1990/6/18,0.002826711,1.840840841,1.840840841,210,0,168
1990/6/19,0.398000132,1.845845846,1.845845846,210,0,169
1990/6/20,1.346649456,1.850850851,1.850850851,210,0,170
1990/6/21,1.976590868,1.855855856,1.855855856,210,0,171
1990/6/22,1.70865914,1.860860861,1.860860861,210,0,172
1990/6/23,0.789189467,1.865865866,1.865865866,210,0,173
1990/6/24,0.063538026,1.870870871,1.870870871,210,0,174
1990/6/25,0.198865405,1.875875876,1.875875876,210,0,175
1990/6/26,1.070752236,1.880880881,1.880880881,210,0,176
1990/6/27,1.877589788,1.885885886,1.885885886,210,0,177
1990/6/28,1.877575336,1.890890891,1.890890891,210,0,178
1990/6/29,1.070722167,1.895895896,1.895895896,210,0,179
1990/6/30,0.198847364,1.900900901,1.900900901,210,0,180
1990/7/1,0.0635486,1.905905906,1.905905906,210,0,181
1990/7/2,0.789218934,1.910910911,1.910910911,210,0,182
1990/7/3,1.708680408,1.915915916,1.915915916,210,0,183
1990/7/4,1.976584383,1.920920921,1.920920921,210,0,184
1990/7/5,1.34662118,1.925925926,1.925925926,210,0,185
1990/7/6,0.397976062,1.930930931,1.930930931,210,0,186
1990/7/7,0.002828977,1.935935936,1.935935936,210,0,187
1990/7/8,0.524476331,1.940940941,1.940940941,210,0,188
1990/7/9,1.483317954,1.945945946,1.945945946,210,0,189
1990/7/10,1.997799279,1.950950951,1.950950951,210,0,190
1990/7/11,1.594908548,1.955955956,1.955955956,210,0,191
1990/7/12,0.645061642,1.960960961,1.960960961,210,0,192
1990/7/13,0.021543425,1.965965966,1.965965966,210,0,193
1990/7/14,0.297613671,1.970970971,1.970970971,210,0,194
1990/7/15,1.219454668,1.975975976,1.975975976,210,0,195
1990/7/16,1.939530056,1.980980981,1.980980981,210,0,196
1990/7/17,1.795805843,1.985985986,1.985985986,210,0,197
1990/7/18,0.920421408,1.990990991,1.990990991,210,0,198
1990/7/19,0.118201164,1.995995996,1.995995996,210,0,199
1990/7/20,0.126702703,2.001001001,2.001001001,210,0,200
1990/7/21,0.938109749,2.006006006,2.006006006,210,0,201
1990/7/22,1.806418407,2.011011011,2.011011011,210,0,202
1990/7/23,1.9333097,2.016016016,2.016016016,210,0,203
1990/7/24,1.202120359,2.021021021,2.021021021,210,0,204
1990/7/25,0.285102492,2.026026026,2.026026026,210,0,205
1990/7/26,0.025358097,2.031031031,2.031031031,210,0,206
1990/7/27,0.661694972,2.036036036,2.036036036,210,0,207
1990/7/28,1.60906793,2.041041041,2.041041041,210,0,208
1990/7/29,1.996466642,2.046046046,2.046046046,210,0,209
1990/7/30,1.467718518,2.051051051,2.051051051,210,0,210
1990/7/31,0.508952146,2.056056056,2.056056056,210,0,211
1990/8/1,0.001652906,2.061061061,2.061061061,210,0,212
1990/8/2,0.41222938,2.066066066,2.066066066,210,0,213
1990/8/3,1.363199451,2.071071071,2.071071071,210,0,214
1990/8/4,1.980245622,2.076076076,2.076076076,210,0,215
1990/8/5,1.696058488,2.081081081,2.081081081,210,0,216
1990/8/6,0.771918391,2.086086086,2.086086086,210,0,217
1990/8/7,0.057475473,2.091091091,2.091091091,210,0,218
1990/8/8,0.209585259,2.096096096,2.096096096,210,0,219
1990/8/9,1.088398712,2.101101101,2.101101101,210,0,220
1990/8/10,1.885938798,2.106106106,2.106106106,210,0,221
1990/8/11,1.868950838,2.111111111,2.111111111,210,0,222
1990/8/12,1.053053485,2.116116116,2.116116116,210,0,223
1990/8/13,0.188379003,2.121121121,2.121121121,210,0,224
1990/8/14,0.069905122,2.126126126,2.126126126,210,0,225
1990/8/15,0.806556183,2.131131131,2.131131131,210,0,226
1990/8/16,1.721058597,2.136136136,2.136136136,210,0,227
1990/8/17,1.972623062,2.141141141,2.141141141,210,0,228
1990/8/18,1.32996237,2.146146146,2.146146146,210,0,229
1990/8/19,0.383935796,2.151151151,2.151151151,210,0,230
1990/8/20,0.00431581,2.156156156,2.156156156,210,0,231
1990/8/21,0.540123277,2.161161161,2.161161161,210,0,232
1990/8/22,1.498739282,2.166166166,2.166166166,210,0,233
1990/8/23,1.998816691,2.171171171,2.171171171,210,0,234
1990/8/24,1.580586641,2.176176176,2.176176176,210,0,235
1990/8/25,0.628567911,2.181181181,2.181181181,210,0,236
1990/8/26,0.01804213,2.186186186,2.186186186,210,0,237
1990/8/27,0.310323887,2.191191191,2.191191191,210,0,238
1990/8/28,1.236690681,2.196196196,2.196196196,210,0,239
1990/8/29,1.945445155,2.201201201,2.201201201,210,0,240
1990/8/30,1.784961713,2.206206206,2.206206206,210,0,241
1990/8/31,0.902788092,2.211211211,2.211211211,210,0,242
1990/9/1,0.109990651,2.216216216,2.216216216,210,0,243
1990/9/2,0.135463701,2.221221221,2.221221221,210,0,244
1990/9/3,0.955787437,2.226226226,2.226226226,210,0,245
1990/9/4,1.81676,2.231231231,2.231231231,210,0,246
1990/9/5,1.926807186,2.236236236,2.236236236,210,0,247
1990/9/6,1.184752119,2.241241241,2.241241241,210,0,248
1990/9/7,0.272836807,2.246246246,2.246246246,210,0,249
1990/9/8,0.02947198,2.251251251,2.251251251,210,0,250
1990/9/9,0.67840614,2.256256256,2.256256256,210,0,251
1990/9/10,1.623012211,2.261261261,2.261261261,210,0,252
1990/9/11,1.994823729,2.266266266,2.266266266,210,0,253
1990/9/12,1.451998898,2.271271271,2.271271271,210,0,254
1990/9/13,0.493608365,2.276276276,2.276276276,210,0,255
1990/9/14,0.000791966,2.281281281,2.281281281,210,0,256
1990/9/15,0.426642825,2.286286286,2.286286286,210,0,257
1990/9/16,1.379635627,2.291291291,2.291291291,210,0,258
1990/9/17,1.983593184,2.296296296,2.296296296,210,0,259
1990/9/18,1.683239704,2.301301301,2.301301301,210,0,260
1990/9/19,0.754718791,2.306306306,2.306306306,210,0,261
1990/9/20,0.05170829,2.311311311,2.311311311,210,0,262
1990/9/21,0.220552815,2.316316316,2.316316316,210,0,263
1990/9/22,1.106017486,2.321321321,2.321321321,210,0,264
1990/9/23,1.89401017,2.326326326,2.326326326,210,0,265
1990/9/24,1.860054026,2.331331331,2.331331331,210,0,266
1990/9/25,1.035368177,2.336336336,2.336336336,210,0,267
1990/9/26,0.178164989,2.341341341,2.341341341,210,0,268
1990/9/27,0.07655312,2.346346346,2.346346346,210,0,269
1990/9/28,0.823954054,2.351351351,2.351351351,210,0,270
1990/9/29,1.733210819,2.356356356,2.356356356,210,0,271
1990/9/30,1.968356938,2.361361361,2.361361361,210,0,272
1990/10/1,1.313200155,2.366366366,2.366366366,210,0,273
1990/10/2,0.370088593,2.371371371,2.371371371,210,0,274
1990/10/3,0.006114674,2.376376376,2.376376376,210,0,275
1990/10/4,0.55591434,2.381381381,2.381381381,210,0,276
1990/10/5,1.514004314,2.386386386,2.386386386,210,0,277
1990/10/6,1.999521092,2.391391391,2.391391391,210,0,278
1990/10/7,1.566082788,2.396396396,2.396396396,210,0,279
1990/10/8,0.612190579,2.401401401,2.401401401,210,0,280
1990/10/9,0.014848564,2.406406406,2.406406406,210,0,281
1990/10/10,0.323250235,2.411411411,2.411411411,210,0,282
1990/10/11,1.25385252,2.416416416,2.416416416,210,0,283
1990/10/12,1.951063968,2.421421421,2.421421421,210,0,284
1990/10/13,1.77387159,2.426426426,2.426426426,210,0,285
1990/10/14,0.885185241,2.431431431,2.431431431,210,0,286
1990/10/15,0.102059052,2.436436436,2.436436436,210,0,287
1990/10/16,0.144495629,2.441441441,2.441441441,210,0,288
1990/10/17,0.97347898,2.446446446,2.446446446,210,0,289
1990/10/18,1.826845634,2.451451451,2.451451451,210,0,290
1990/10/19,1.920014226,2.456456456,2.456456456,210,0,291
1990/10/20,1.167325981,2.461461461,2.461461461,210,0,292
1990/10/21,0.260799001,2.466466466,2.466466466,210,0,293
1990/10/22,0.033890011,2.471471471,2.471471471,210,0,294
1990/10/23,0.695218089,2.476476476,2.476476476,210,0,295
1990/10/24,1.636761251,2.481481481,2.481481481,210,0,296
1990/10/25,1.992869055,2.486486486,2.486486486,210,0,297
1990/10/26,1.436137629,2.491491491,2.491491491,210,0,298
1990/10/27,0.478423278,2.496496497,2.496496497,210,0,299
1990/10/28,0.00024416,2.501501502,2.501501502,210,0,300
1990/10/29,0.44123595,2.506506507,2.506506507,210,0,301
1990/10/30,1.395952831,2.511511512,2.511511512,210,0,302
1990/10/31,1.986632505,2.516516517,2.516516517,210,0,303
1990/11/1,1.670206804,2.521521522,2.521521522,210,0,304
1990/11/2,0.737596058,2.526526527,2.526526527,210,0,305
1990/11/3,0.046238287,2.531531532,2.531531532,210,0,306
1990/11/4,0.231764636,2.536536537,2.536536537,210,0,307
1990/11/5,1.123603036,2.541541542,2.541541542,210,0,308
1990/11/6,1.901801375,2.546546547,2.546546547,210,0,309
1990/11/7,1.850887689,2.551551552,2.551551552,210,0,310
1990/11/8,1.017671785,2.556556557,2.556556557,210,0,311
1990/11/9,0.168208524,2.561561562,2.561561562,210,0,312
1990/11/10,0.08349051,2.566566567,2.566566567,210,0,313
1990/11/11,0.841407094,2.571571572,2.571571572,210,0,314
1990/11/12,1.745133265,2.576576577,2.576576577,210,0,315
1990/11/13,1.963787348,2.581581582,2.581581582,210,0,316
1990/11/14,1.296339789,2.586586587,2.586586587,210,0,317
1990/11/15,0.356438794,2.591591592,2.591591592,210,0,318
1990/11/16,0.008225004,2.596596597,2.596596597,210,0,319
1990/11/17,0.571844572,2.601601602,2.601601602,210,0,320
1990/11/18,1.529108265,2.606606607,2.606606607,210,0,321
1990/11/19,1.99991226,2.611611612,2.611611612,210,0,322
1990/11/20,1.551401534,2.616616617,2.616616617,210,0,323
1990/11/21,0.595934781,2.621621622,2.621621622,210,0,324
1990/11/22,0.011963727,2.626626627,2.626626627,210,0,325
1990/11/23,0.336388666,2.631631632,2.631631632,210,0,326
1990/11/24,1.270934805,2.636636637,2.636636637,210,0,327
1990/11/25,1.956384734,2.641641642,2.641641642,210,0,328
1990/11/26,1.762538949,2.646646647,2.646646647,210,0,329
1990/11/27,0.867618371,2.651651652,2.651651652,210,0,330
1990/11/28,0.094408852,2.656656657,2.656656657,210,0,331
1990/11/29,0.153795658,2.661661662,2.661661662,210,0,332
1990/11/30,0.991178834,2.666666667,2.666666667,210,0,333
1990/12/1,1.836672149,2.671671672,2.671671672,210,0,334
1990/12/2,1.912932949,2.676676677,2.676676677,210,0,335
1990/12/3,1.149847406,2.681681682,2.681681682,210,0,336
1990/12/4,0.248992849,2.686686687,2.686686687,210,0,337
1990/12/5,0.038610803,2.691691692,2.691691692,210,0,338
1990/12/6,0.712125551,2.696696697,2.696696697,210,0,339
1990/12/7,1.65031074,2.701701702,2.701701702,210,0,340
1990/12/8,1.990603233,2.706706707,2.706706707,210,0,341
1990/12/9,1.420139682,2.711711712,2.711711712,210,0,342
1990/12/10,0.463401645,2.716716717,2.716716717,210,0,343
1990/12/11,9.66E-06,2.721721722,2.721721722,210,0,344
1990/12/12,0.456004183,2.726726727,2.726726727,210,0,345
1990/12/13,1.41214595,2.731731732,2.731731732,210,0,346
1990/12/14,1.989362632,2.736736737,2.736736737,210,0,347
1990/12/15,1.656963873,2.741741742,2.741741742,210,0,348
1990/12/16,0.720555558,2.746746747,2.746746747,210,0,349
1990/12/17,0.041067175,2.751751752,2.751751752,210,0,350
1990/12/18,0.243217209,2.756756757,2.756756757,210,0,351
1990/12/19,1.141149851,2.761761762,2.761761762,210,0,352
1990/12/20,1.909309971,2.766766767,2.766766767,210,0,353
1990/12/21,1.841454697,2.771771772,2.771771772,210,0,354
1990/12/22,0.999969856,2.776776777,2.776776777,210,0,355
1990/12/23,0.158512729,2.781781782,2.781781782,210,0,356
1990/12/24,0.090715118,2.786786787,2.786786787,210,0,357
1990/12/25,0.858909835,2.791791792,2.791791792,210,0,358
1990/12/26,1.756822199,2.796796797,2.796796797,210,0,359
1990/12/27,1.958915723,2.801801802,2.801801802,210,0,360
1990/12/28,1.279386554,2.806806807,2.806806807,210,0,361
1990/12/29,0.342990676,2.811811812,2.811811812,210,0,362
1990/12/30,0.01064614,2.816816817,2.816816817,210,0,363
1990/12/31,0.58790898,2.821821822,2.821821822,210,0,364
1991/1/1,1.544046404,2.826826827,2.826826827,210,0,365
1991/1/2,1.999990073,2.831831832,2.831831832,210,0,366
1991/1/3,1.53654748,2.836836837,2.836836837,210,0,367
1991/1/4,0.579805609,2.841841842,2.841841842,210,0,368
1991/1/5,0.009388523,2.846846847,2.846846847,210,0,369
1991/1/6,0.34973506,2.851851852,2.851851852,210,0,370
1991/1/7,1.287932185,2.856856857,2.856856857,210,0,371
1991/1/8,1.961405786,2.861861862,2.861861862,210,0,372
1991/1/9,1.750967342,2.866866867,2.866866867,210,0,373
1991/1/10,0.850092987,2.871871872,2.871871872,210,0,374
1991/1/11,0.087042448,2.876876877,2.876876877,210,0,375
1991/1/12,0.163360873,2.881881882,2.881881882,210,0,376
1991/1/13,1.008881452,2.886886887,2.886886887,210,0,377
1991/1/14,1.846236466,2.891891892,2.891891892,210,0,378
1991/1/15,1.905565575,2.896896897,2.896896897,210,0,379
1991/1/16,1.132321871,2.901901902,2.901901902,210,0,380
1991/1/17,0.237422049,2.906906907,2.906906907,210,0,381
1991/1/18,0.043632878,2.911911912,2.911911912,210,0,382
1991/1/19,0.729123229,2.916916917,2.916916917,210,0,383
1991/1/20,1.663656434,2.921921922,2.921921922,210,0,384
1991/1/21,1.988026974,2.926926927,2.926926927,210,0,385
1991/1/22,1.404010071,2.931931932,2.931931932,210,0,386
1991/1/23,0.448548172,2.936936937,2.936936937,210,0,387
1991/1/24,8.85E-05,2.941941942,2.941941942,210,0,388
1991/1/25,0.470942894,2.946946947,2.946946947,210,0,389
1991/1/26,1.428209911,2.951951952,2.951951952,210,0,390
1991/1/27,1.99178271,2.956956957,2.956956957,210,0,391
1991/1/28,1.64351506,2.961961962,2.961961962,210,0,392
1991/1/29,0.703602631,2.966966967,2.966966967,210,0,393
1991/1/30,0.036196576,2.971971972,2.971971972,210,0,394
1991/1/31,0.254906944,2.976976977,2.976976977,210,0,395
1991/2/1,1.158652431,2.981981982,2.981981982,210,0,396
1991/2/2,1.916533605,2.986986987,2.986986987,210,0,397
1991/2/3,1.831758009,2.991991992,2.991991992,210,0,398
1991/2/4,0.982267935,2.996996997,2.996996997,210,0,399
1991/2/5,0.14908064,3.002002002,3.002002002,210,0,400
1991/2/6,0.09822468,3.007007007,3.007007007,210,0,401
1991/2/7,0.876456791,3.012012012,3.012012012,210,0,402
1991/2/8,1.768273958,3.017017017,3.017017017,210,0,403
1991/2/9,1.953743591,3.022022022,3.022022022,210,0,404
1991/2/10,1.262345765,3.027027027,3.027027027,210,0,405
1991/2/11,0.329748453,3.032032032,3.032032032,210,0,406
1991/2/12,0.013377322,3.037037037,3.037037037,210,0,407
1991/2/13,0.604102531,3.042042042,3.042042042,210,0,408
1991/2/14,1.558814048,3.047047047,3.047047047,210,0,409
1991/2/15,1.999754506,3.052052052,3.052052052,210,0,410
1991/2/16,1.521525282,3.057057057,3.057057057,210,0,411
1991/2/17,0.563808119,3.062062062,3.062062062,210,0,412
1991/2/18,0.00712376,3.067067067,3.067067067,210,0,413
1991/2/19,0.363285237,3.072072072,3.072072072,210,0,414
1991/2/20,1.304839331,3.077077077,3.077077077,210,0,415
1991/2/21,1.96612555,3.082082082,3.082082082,210,0,416
1991/2/22,1.739160394,3.087087087,3.087087087,210,0,417
1991/2/23,0.832614581,3.092092092,3.092092092,210,0,418
1991/2/24,0.07996215,3.097097097,3.097097097,210,0,419
1991/2/25,0.173188276,3.102102102,3.102102102,210,0,420
1991/2/26,1.026581288,3.107107107,3.107107107,210,0,421
1991/2/27,1.855535586,3.112112112,3.112112112,210,0,422
1991/2/28,1.897914412,3.117117117,3.117117117,210,0,423
1991/3/1,1.114754869,3.122122122,3.122122122,210,0,424
1991/3/2,0.226090228,3.127127127,3.127127127,210,0,425
1991/3/3,0.048954662,3.132132132,3.132132132,210,0,426
1991/3/4,0.746205794,3.137137137,3.137137137,210,0,427
1991/3/5,1.676794149,3.142142142,3.142142142,210,0,428
1991/3/6,1.985141084,3.147147147,3.147147147,210,0,429
1991/3/7,1.38775385,3.152152152,3.152152152,210,0,430
1991/3/8,0.433867514,3.157157157,3.157157157,210,0,431
1991/3/9,0.000480776,3.162162162,3.162162162,210,0,432
1991/3/10,0.486047402,3.167167167,3.167167167,210,0,433
1991/3/11,1.444139677,3.172172172,3.172172172,210,0,434
1991/3/12,1.993891981,3.177177177,3.177177177,210,0,435
1991/3/13,1.629864581,3.182182182,3.182182182,210,0,436
1991/3/14,0.68674259,3.187187187,3.187187187,210,0,437
1991/3/15,0.031628017,3.192192192,3.192192192,210,0,438
1991/3/16,0.266830179,3.197197197,3.197197197,210,0,439
1991/3/17,1.176105293,3.202202202,3.202202202,210,0,440
1991/3/18,1.923470013,3.207207207,3.207207207,210,0,441
1991/3/19,1.821800662,3.212212212,3.212212212,210,0,442
1991/3/20,0.964571572,3.217217217,3.217217217,210,0,443
1991/3/21,0.139915216,3.222222222,3.222222222,210,0,444
1991/3/22,0.106016844,3.227227227,3.227227227,210,0,445
1991/3/23,0.894042463,3.232232232,3.232232232,210,0,446
1991/3/24,1.779484953,3.237237237,3.237237237,210,0,447
1991/3/25,1.948272572,3.242242242,3.242242242,210,0,448
1991/3/26,1.245222762,3.247247247,3.247247247,210,0,449
1991/3/27,0.316716275,3.252252252,3.252252252,210,0,450
1991/3/28,0.016417694,3.257257257,3.257257257,210,0,451
1991/3/29,0.620420149,3.262262262,3.262262262,210,0,452
1991/3/30,1.573406569,3.267267267,3.267267267,210,0,453
1991/3/31,1.999205633,3.272272272,3.272272272,210,0,454
1991/4/1,1.506339647,3.277277277,3.277277277,210,0,455
1991/4/2,0.547947324,3.282282282,3.282282282,210,0,456
1991/4/3,0.005170147,3.287287287,3.287287287,210,0,457
1991/4/4,0.377034949,3.292292292,3.292292292,210,0,458
1991/4/5,1.321650946,3.297297297,3.297297297,210,0,459
1991/4/6,1.970542547,3.302302302,3.302302302,210,0,460
1991/4/7,1.727121806,3.307307307,3.307307307,210,0,461
1991/4/8,0.81518863,3.312312312,3.312312312,210,0,462
1991/4/9,0.073170176,3.317317317,3.317317317,210,0,463
1991/4/10,0.183274787,3.322322322,3.322322322,210,0,464
1991/4/11,1.044272793,3.327327327,3.327327327,210,0,465
1991/4/12,1.864566597,3.332332332,3.332332332,210,0,466
1991/4/13,1.889981859,3.337337337,3.337337337,210,0,467
1991/4/14,1.097151904,3.342342342,3.342342342,210,0,468
1991/4/15,0.215000937,3.347347347,3.347347347,210,0,469
1991/4/16,0.054574488,3.352352352,3.352352352,210,0,470
1991/4/17,0.763367895,3.357357357,3.357357357,210,0,471
1991/4/18,1.689719768,3.362362362,3.362362362,210,0,472
1991/4/19,1.981946467,3.367367367,3.367367367,210,0,473
1991/4/20,1.371376113,3.372372372,3.372372372,210,0,474
1991/4/21,0.419364273,3.377377377,3.377377377,210,0,475
1991/4/22,0.001186243,3.382382382,3.382382382,210,0,476
1991/4/23,0.501312974,3.387387387,3.387387387,210,0,477
1991/4/24,1.459930258,3.392392392,3.392392392,210,0,478
1991/4/25,1.995689783,3.397397397,3.397397397,210,0,479
1991/4/26,1.616016714,3.402402402,3.402402402,210,0,480
1991/4/27,0.669980719,3.407407407,3.407407407,210,0,481
1991/4/28,0.027362929,3.412412412,3.412412412,210,0,482
1991/4/29,0.278983177,3.417417417,3.417417417,210,0,483
1991/4/30,1.193502967,3.422422422,3.422422422,210,0,484
1991/5/1,1.930117022,3.427427427,3.427427427,210,0,485
1991/5/2,1.811585776,3.432432432,3.432432432,210,0,486
1991/5/3,0.946886311,3.437437437,3.437437437,210,0,487
1991/5/4,0.131019327,3.442442442,3.442442442,210,0,488
1991/5/5,0.114089166,3.447447447,3.447447447,210,0,489
1991/5/6,0.91166134,3.452452452,3.452452452,210,0,490
1991/5/7,1.790451671,3.457457457,3.457457457,210,0,491
1991/5/8,1.942504381,3.462462462,3.462462462,210,0,492
1991/5/9,1.228022909,3.467467467,3.467467467,210,0,493
1991/5/10,0.303898227,3.472472472,3.472472472,210,0,494
1991/5/11,0.019766304,3.477477477,3.477477477,210,0,495
1991/5/12,0.636856721,3.482482482,3.482482482,210,0,496
1991/5/13,1.587819394,3.487487487,3.487487487,210,0,497
1991/5/14,1.998343627,3.492492492,3.492492492,210,0,498
1991/5/15,1.490995334,3.497497498,3.497497498,210,0,499
1991/5/16,0.532228195,3.502502503,3.502502503,210,0,500
1991/5/17,0.003528296,3.507507508,3.507507508,210,0,501
1991/5/18,0.390979887,3.512512513,3.512512513,210,0,502
1991/5/19,1.338361761,3.517517518,3.517517518,210,0,503
1991/5/20,1.974655392,3.522522523,3.522522523,210,0,504
1991/5/21,1.714855351,3.527527528,3.527527528,210,0,505
1991/5/22,0.797820597,3.532532533,3.532532533,210,0,506
1991/5/23,0.066668654,3.537537538,3.537537538,210,0,507
1991/5/24,0.193617246,3.542542543,3.542542543,210,0,508
1991/5/25,1.061950424,3.547547548,3.547547548,210,0,509
1991/5/26,1.873326668,3.552552553,3.552552553,210,0,510
1991/5/27,1.881770401,3.557557558,3.557557558,210,0,511
1991/5/28,1.079518494,3.562562563,3.562562563,210,0,512
1991/5/29,0.204157651,3.567567568,3.567567568,210,0,513
1991/5/30,0.060490593,3.572572573,3.572572573,210,0,514
1991/5/31,0.780604151,3.577577578,3.577577578,210,0,515
1991/6/1,1.702429241,3.582582583,3.582582583,210,0,516
1991/6/2,1.978444126,3.587587588,3.587587588,210,0,517
1991/6/3,1.354881994,3.592592593,3.592592593,210,0,518
1991/6/4,0.405042993,3.597597598,3.597597598,210,0,519
1991/6/5,0.002204721,3.602602603,3.602602603,210,0,520
1991/6/6,0.516734827,3.607607608,3.607607608,210,0,521
1991/6/7,1.475576704,3.612612613,3.612612613,210,0,522
1991/6/8,1.997175553,3.617617618,3.617617618,210,0,523
1991/6/9,1.601975797,3.622622623,3.622622623,210,0,524
1991/6/10,0.653322269,3.627627628,3.627627628,210,0,525
1991/6/11,0.023402648,3.632632633,3.632632633,210,0,526
1991/6/12,0.291362129,3.637637638,3.637637638,210,0,527
1991/6/13,1.21084,3.642642643,3.642642643,210,0,528
1991/6/14,1.936472548,3.647647648,3.647647648,210,0,529
1991/6/15,1.801116554,3.652652653,3.652652653,210,0,530
1991/6/16,0.929217695,3.657657658,3.657657658,210,0,531
1991/6/17,0.122395761,3.662662663,3.662662663,210,0,532
1991/6/18,0.122439117,3.667667668,3.667667668,210,0,533
1991/6/19,0.929307902,3.672672673,3.672672673,210,0,534
1991/6/20,1.801170676,3.677677678,3.677677678,210,0,535
1991/6/21,1.936440825,3.682682683,3.682682683,210,0,536
1991/6/22,1.210751599,3.687687688,3.687687688,210,0,537
1991/6/23,0.291298324,3.692692693,3.692692693,210,0,538
1991/6/24,0.023422102,3.697697698,3.697697698,210,0,539
1991/6/25,0.653407096,3.702702703,3.702702703,210,0,540
1991/6/26,1.602048007,3.707707708,3.707707708,210,0,541
1991/6/27,1.997168757,3.712712713,3.712712713,210,0,542
1991/6/28,1.475497151,3.717717718,3.717717718,210,0,543
1991/6/29,0.516655657,3.722722723,3.722722723,210,0,544
1991/6/30,0.002198723,3.727727728,3.727727728,210,0,545
1991/7/1,0.405115682,3.732732733,3.732732733,210,0,546
1991/7/2,1.354966539,3.737737738,3.737737738,210,0,547
1991/7/3,1.978462798,3.742742743,3.742742743,210,0,548
1991/7/4,1.702364872,3.747747748,3.747747748,210,0,549
1991/7/5,0.780515923,3.752752753,3.752752753,210,0,550
1991/7/6,0.060459621,3.757757758,3.757757758,210,0,551
1991/7/7,0.204212411,3.762762763,3.762762763,210,0,552
1991/7/8,1.07960864,3.767767768,3.767767768,210,0,553
1991/7/9,1.881813053,3.772772773,3.772772773,210,0,554
1991/7/10,1.873282611,3.777777778,3.777777778,210,0,555
1991/7/11,1.061860164,3.782782783,3.782782783,210,0,556
1991/7/12,0.193563768,3.787787788,3.787787788,210,0,557
1991/7/13,0.066701124,3.792792793,3.792792793,210,0,558
1991/7/14,0.797909163,3.797797798,3.797797798,210,0,559
1991/7/15,1.714918585,3.802802803,3.802802803,210,0,560
1991/7/16,1.974635157,3.807807808,3.807807808,210,0,561
1991/7/17,1.33827666,3.812812813,3.812812813,210,0,562
1991/7/18,0.390908162,3.817817818,3.817817818,210,0,563
1991/7/19,0.00353589,3.822822823,3.822822823,210,0,564
1991/7/20,0.532308126,3.827827828,3.827827828,210,0,565
1991/7/21,1.491074113,3.832832833,3.832832833,210,0,566
1991/7/22,1.998348826,3.837837838,3.837837838,210,0,567
1991/7/23,1.587746232,3.842842843,3.842842843,210,0,568
1991/7/24,0.636772463,3.847847848,3.847847848,210,0,569
1991/7/25,0.019748416,3.852852853,3.852852853,210,0,570
1991/7/26,0.303963155,3.857857858,3.857857858,210,0,571
1991/7/27,1.228110959,3.862862863,3.862862863,210,0,572
1991/7/28,1.942534599,3.867867868,3.867867868,210,0,573
1991/7/29,1.790396276,3.872872873,3.872872873,210,0,574
1991/7/30,0.911571261,3.877877878,3.877877878,210,0,575
1991/7/31,0.114047222,3.882882883,3.882882883,210,0,576
1991/8/1,0.131064081,3.887887888,3.887887888,210,0,577
1991/8/2,0.946976617,3.892892893,3.892892893,210,0,578
1991/8/3,1.811638607,3.897897898,3.897897898,210,0,579
1991/8/4,1.930083805,3.902902903,3.902902903,210,0,580
1991/8/5,1.193414242,3.907907908,3.907907908,210,0,581
1991/8/6,0.278920517,3.912912913,3.912912913,210,0,582
1991/8/7,0.027383943,3.917917918,3.917917918,210,0,583
1991/8/8,0.670066087,3.922922923,3.922922923,210,0,584
1991/8/9,1.616087948,3.927927928,3.927927928,210,0,585
1991/8/10,1.995681392,3.932932933,3.932932933,210,0,586
1991/8/11,1.459849955,3.937937938,3.937937938,210,0,587
1991/8/12,0.501234591,3.942942943,3.942942943,210,0,588
1991/8/13,0.001181843,3.947947948,3.947947948,210,0,589
1991/8/14,0.419437903,3.952952953,3.952952953,210,0,590
1991/8/15,1.371460077,3.957957958,3.957957958,210,0,591
1991/8/16,1.98196357,3.962962963,3.962962963,210,0,592
1991/8/17,1.689654285,3.967967968,3.967967968,210,0,593
1991/8/18,0.763280031,3.972972973,3.972972973,210,0,594
1991/8/19,0.054545025,3.977977978,3.977977978,210,0,595
1991/8/20,0.215056963,3.982982983,3.982982983,210,0,596
1991/8/21,1.097241909,3.987987988,3.987987988,210,0,597
1991/8/22,1.890023093,3.992992993,3.992992993,210,0,598
1991/8/23,1.864521149,3.997997998,3.997997998,210,0,599
1991/8/24,1.044182448,4.003003003,4.003003003,210,0,600
1991/8/25,0.183222608,4.008008008,4.008008008,210,0,601
1991/8/26,0.073204135,4.013013013,4.013013013,210,0,602
1991/8/27,0.815277506,4.018018018,4.018018018,210,0,603
1991/8/28,1.727183886,4.023023023,4.023023023,210,0,604
1991/8/29,1.970520755,4.028028028,4.028028028,210,0,605
1991/8/30,1.321565317,4.033033033,4.033033033,210,0,606
1991/8/31,0.37696421,4.038038038,4.038038038,210,0,607
1991/9/1,0.005179335,4.043043043,4.043043043,210,0,608
1991/9/2,0.548027991,4.048048048,4.048048048,210,0,609
1991/9/3,1.506417628,4.053053053,4.053053053,210,0,610
1991/9/4,1.999209233,4.058058058,4.058058058,210,0,611
1991/9/5,1.573332477,4.063063063,4.063063063,210,0,612
1991/9/6,0.620336486,4.068068068,4.068068068,210,0,613
1991/9/7,0.016401378,4.073073073,4.073073073,210,0,614
1991/9/8,0.316782308,4.078078078,4.078078078,210,0,615
1991/9/9,1.245310432,4.083083083,4.083083083,210,0,616
1991/9/10,1.948301277,4.088088088,4.088088088,210,0,617
1991/9/11,1.779428301,4.093093093,4.093093093,210,0,618
1991/9/12,0.893952539,4.098098098,4.098098098,210,0,619
1991/9/13,0.105976324,4.103103103,4.103103103,210,0,620
1991/9/14,0.139961354,4.108108108,4.108108108,210,0,621
1991/9/15,0.964661948,4.113113113,4.113113113,210,0,622
1991/9/16,1.821852185,4.118118118,4.118118118,210,0,623
1991/9/17,1.923435313,4.123123123,4.123123123,210,0,624
1991/9/18,1.176016273,4.128128128,4.128128128,210,0,625
1991/9/19,0.266768684,4.133133133,4.133133133,210,0,626
1991/9/20,0.031650585,4.138138138,4.138138138,210,0,627
1991/9/21,0.686828473,4.143143143,4.143143143,210,0,628
1991/9/22,1.629934819,4.148148148,4.148148148,210,0,629
1991/9/23,1.993881997,4.153153153,4.153153153,210,0,630
1991/9/24,1.444058651,4.158158158,4.158158158,210,0,631
1991/9/25,0.485969829,4.163163163,4.163163163,210,0,632
1991/9/26,0.000477976,4.168168168,4.168168168,210,0,633
1991/9/27,0.433942062,4.173173173,4.173173173,210,0,634
1991/9/28,1.387837206,4.178178178,4.178178178,210,0,635
1991/9/29,1.985156611,4.183183183,4.183183183,210,0,636
1991/9/30,1.676727572,4.188188188,4.188188188,210,0,637
1991/10/1,0.746118323,4.193193193,4.193193193,210,0,638
1991/10/2,0.048926718,4.198198198,4.198198198,210,0,639
1991/10/3,0.226147502,4.203203203,4.203203203,210,0,640
1991/10/4,1.114844704,4.208208208,4.208208208,210,0,641
1991/10/5,1.897954215,4.213213213,4.213213213,210,0,642
1991/10/6,1.855488762,4.218218218,4.218218218,210,0,643
1991/10/7,1.026490887,4.223223223,4.223223223,210,0,644
1991/10/8,0.173137412,4.228228228,4.228228228,210,0,645
1991/10/9,0.079997588,4.233233233,4.233233233,210,0,646
1991/10/10,0.832703738,4.238238238,4.238238238,210,0,647
1991/10/11,1.7392213,4.243243243,4.243243243,210,0,648
1991/10/12,1.966102208,4.248248248,4.248248248,210,0,649
1991/10/13,1.304753201,4.253253253,4.253253253,210,0,650
1991/10/14,0.363215507,4.258258258,4.258258258,210,0,651
1991/10/15,0.007134539,4.263263263,4.263263263,210,0,652
1991/10/16,0.563889497,4.268268268,4.268268268,210,0,653
1991/10/17,1.521602441,4.273273273,4.273273273,210,0,654
1991/10/18,1.999756506,4.278278278,4.278278278,210,0,655
1991/10/19,1.55873905,4.283283283,4.283283283,210,0,656
1991/10/20,0.604019488,4.288288288,4.288288288,210,0,657
1991/10/21,0.013362583,4.293293293,4.293293293,210,0,658
1991/10/22,0.329815569,4.298298298,4.298298298,210,0,659
1991/10/23,1.26243303,4.303303303,4.303303303,210,0,660
1991/10/24,1.953770773,4.308308308,4.308308308,210,0,661
1991/10/25,1.768216066,4.313313313,4.313313313,210,0,662
1991/10/26,0.876367051,4.318318318,4.318318318,210,0,663
1991/10/27,0.098185599,4.323323323,4.323323323,210,0,664
1991/10/28,0.149128148,4.328328328,4.328328328,210,0,665
1991/10/29,0.982358354,4.333333333,4.333333333,210,0,666
1991/10/30,1.831808208,4.338338338,4.338338338,210,0,667
1991/10/31,1.916497432,4.343343343,4.343343343,210,0,668
1991/11/1,1.158563143,4.348348348,4.348348348,210,0,669
1991/11/2,0.254846632,4.353353353,4.353353353,210,0,670
1991/11/3,0.036220691,4.358358358,4.358358358,210,0,671
1991/11/4,0.703689002,4.363363363,4.363363363,210,0,672
1991/11/5,1.643584278,4.368368368,4.368368368,210,0,673
1991/11/6,1.991771137,4.373373373,4.373373373,210,0,674
1991/11/7,1.428128186,4.378378378,4.378378378,210,0,675
1991/11/8,0.470866156,4.383383383,4.383383383,210,0,676
1991/11/9,8.73E-05,4.388388388,4.388388388,210,0,677
1991/11/10,0.448623614,4.393393393,4.393393393,210,0,678
1991/11/11,1.404092793,4.398398398,4.398398398,210,0,679
1991/11/12,1.988040922,4.403403403,4.403403403,210,0,680
1991/11/13,1.663588784,4.408408408,4.408408408,210,0,681
1991/11/14,0.729036178,4.413413413,4.413413413,210,0,682
1991/11/15,0.043606461,4.418418418,4.418418418,210,0,683
1991/11/16,0.237480553,4.423423423,4.423423423,210,0,684
1991/11/17,1.132411508,4.428428428,4.428428428,210,0,685
1991/11/18,1.905603934,4.433433433,4.433433433,210,0,686
1991/11/19,1.846188279,4.438438438,4.438438438,210,0,687
1991/11/20,1.008791023,4.443443443,4.443443443,210,0,688
1991/11/21,0.163311341,4.448448448,4.448448448,210,0,689
1991/11/22,0.087079354,4.453453453,4.453453453,210,0,690
1991/11/23,0.850182398,4.458458458,4.458458458,210,0,691
1991/11/24,1.751027055,4.463463463,4.463463463,210,0,692
1991/11/25,1.961380901,4.468468468,4.468468468,210,0,693
1991/11/26,1.28784558,4.473473473,4.473473473,210,0,694
1991/11/27,0.34966636,4.478478478,4.478478478,210,0,695
1991/11/28,0.00940089,4.483483483,4.483483483,210,0,696
1991/11/29,0.579887673,4.488488488,4.488488488,210,0,697
1991/11/30,1.536623792,4.493493493,4.493493493,210,0,698
1991/12/1,1.999990472,4.498498499,4.498498499,210,0,699
1991/12/2,1.543970523,4.503503504,4.503503504,210,0,700
1991/12/3,0.587826585,4.508508509,4.508508509,210,0,701
1991/12/4,0.010632983,4.513513514,4.513513514,210,0,702
1991/12/5,0.343058854,4.518518519,4.518518519,210,0,703
1991/12/6,1.279473385,4.523523524,4.523523524,210,0,704
1991/12/7,1.958941375,4.528528529,4.528528529,210,0,705
1991/12/8,1.756763087,4.533533534,4.533533534,210,0,706
1991/12/9,0.858820307,4.538538539,4.538538539,210,0,707
1991/12/10,0.090677486,4.543543544,4.543543544,210,0,708
1991/12/11,0.158561591,4.548548549,4.548548549,210,0,709
1991/12/12,1.000060289,4.553553554,4.553553554,210,0,710
1991/12/13,1.841503557,4.558558559,4.558558559,210,0,711
1991/12/14,1.909272336,4.563563564,4.563563564,210,0,712
1991/12/15,1.141060322,4.568568569,4.568568569,210,0,713
1991/12/16,0.243158099,4.573573574,4.573573574,210,0,714
1991/12/17,0.041092829,4.578578579,4.578578579,210,0,715
1991/12/18,0.72064239,4.583583584,4.583583584,210,0,716
1991/12/19,1.657032049,4.588588589,4.588588589,210,0,717
1991/12/20,1.989349473,4.593593594,4.593593594,210,0,718
1991/12/21,1.412063554,4.598598599,4.598598599,210,0,719
1991/12/22,0.455928304,4.603603604,4.603603604,210,0,720
1991/12/23,1.01E-05,4.608608609,4.608608609,210,0,721
1991/12/24,0.463477958,4.613613614,4.613613614,210,0,722
1991/12/25,1.420221745,4.618618619,4.618618619,210,0,723
1991/12/26,1.990615598,4.623623624,4.623623624,210,0,724
1991/12/27,1.650242038,4.628628629,4.628628629,210,0,725
1991/12/28,0.712038948,4.633633634,4.633633634,210,0,726
1991/12/29,0.038585921,4.638638639,4.638638639,210,0,727
1991/12/30,0.249052564,4.643643644,4.643643644,210,0,728
1991/12/31,1.149936817,4.648648649,4.648648649,210,0,729
1992/1/1,1.912969852,4.653653654,4.653653654,210,0,730
1992/1/2,1.836622615,4.658658659,4.658658659,210,0,731
1992/1/3,0.991088404,4.663663664,4.663663664,210,0,732
1992/1/4,0.153747474,4.668668669,4.668668669,210,0,733
1992/1/5,0.094447213,4.673673674,4.673673674,210,0,734
1992/1/6,0.867708008,4.678678679,4.678678679,210,0,735
1992/1/7,1.762597451,4.683683684,4.683683684,210,0,736
1992/1/8,1.956358314,4.688688689,4.688688689,210,0,737
1992/1/9,1.270847754,4.693693694,4.693693694,210,0,738
1992/1/10,0.336321018,4.698698699,4.698698699,210,0,739
1992/1/11,0.011977677,4.703703704,4.703703704,210,0,740
1992/1/12,0.596017504,4.708708709,4.708708709,210,0,741
1992/1/13,1.551476974,4.713713714,4.713713714,210,0,742
1992/1/14,1.999911058,4.718718719,4.718718719,210,0,743
1992/1/15,1.529031526,4.723723724,4.723723724,210,0,744
1992/1/16,0.571762849,4.728728729,4.728728729,210,0,745
1992/1/17,0.008213434,4.733733734,4.733733734,210,0,746
1992/1/18,0.356508014,4.738738739,4.738738739,210,0,747
1992/1/19,1.296426158,4.743743744,4.743743744,210,0,748
1992/1/20,1.96381146,4.748748749,4.748748749,210,0,749
1992/1/21,1.74507295,4.753753754,4.753753754,210,0,750
1992/1/22,0.841317806,4.758758759,4.758758759,210,0,751
1992/1/23,0.083454339,4.763763764,4.763763764,210,0,752
1992/1/24,0.168258726,4.768768769,4.768768769,210,0,753
1992/1/25,1.017762204,4.773773774,4.773773774,210,0,754
1992/1/26,1.850935194,4.778778779,4.778778779,210,0,755
1992/1/27,1.901762291,4.783783784,4.783783784,210,0,756
1992/1/28,1.123513296,4.788788789,4.788788789,210,0,757
1992/1/29,0.231706747,4.793793794,4.793793794,210,0,758
1992/1/30,0.046265471,4.798798799,4.798798799,210,0,759
1992/1/31,0.737683323,4.803803804,4.803803804,210,0,760
1992/2/1,1.670273918,4.808808809,4.808808809,210,0,761
1992/2/2,1.986617764,4.813813814,4.813813814,210,0,762
1992/2/3,1.395869787,4.818818819,4.818818819,210,0,763
1992/2/4,0.441160954,4.823823824,4.823823824,210,0,764
1992/2/5,0.000246162,4.828828829,4.828828829,210,0,765
1992/2/6,0.478500438,4.833833834,4.833833834,210,0,766
1992/2/7,1.436219006,4.838838839,4.838838839,210,0,767
1992/2/8,1.992879832,4.843843844,4.843843844,210,0,768
1992/2/9,1.636691519,4.848848849,4.848848849,210,0,769
1992/2/10,0.69513196,4.853853854,4.853853854,210,0,770
1992/2/11,0.033866671,4.858858859,4.858858859,210,0,771
1992/2/12,0.26085991,4.863863864,4.863863864,210,0,772
1992/2/13,1.167415138,4.868868869,4.868868869,210,0,773
1992/2/14,1.920049661,4.873873874,4.873873874,210,0,774
1992/2/15,1.826794768,4.878878879,4.878878879,210,0,775
1992/2/16,0.973388579,4.883883884,4.883883884,210,0,776
1992/2/17,0.144448807,4.888888889,4.888888889,210,0,777
1992/2/18,0.102098857,4.893893894,4.893893894,210,0,778
1992/2/19,0.885275077,4.898898899,4.898898899,210,0,779
1992/2/20,1.773928862,4.903903904,4.903903904,210,0,780
1992/2/21,1.951036021,4.908908909,4.908908909,210,0,781
1992/2/22,1.253765048,4.913913914,4.913913914,210,0,782
1992/2/23,0.32318366,4.918918919,4.918918919,210,0,783
1992/2/24,0.014864094,4.923923924,4.923923924,210,0,784
1992/2/25,0.612273936,4.928928929,4.928928929,210,0,785
1992/2/26,1.566157334,4.933933934,4.933933934,210,0,786
1992/2/27,1.999518289,4.938938939,4.938938939,210,0,787
1992/2/28,1.513926739,4.943943944,4.943943944,210,0,788
1992/2/29,0.555833315,4.948948949,4.948948949,210,0,789
1992/3/1,0.006104693,4.953953954,4.953953954,210,0,790
1992/3/2,0.370158832,4.958958959,4.958958959,210,0,791
1992/3/3,1.313286037,4.963963964,4.963963964,210,0,792
1992/3/4,1.968379504,4.968968969,4.968968969,210,0,793
1992/3/5,1.733149321,4.973973974,4.973973974,210,0,794
1992/3/6,0.823865034,4.978978979,4.978978979,210,0,795
1992/3/7,0.076518422,4.983983984,4.983983984,210,0,796
1992/3/8,0.178216514,4.988988989,4.988988989,210,0,797
1992/3/9,1.035458554,4.993993994,4.993993994,210,0,798
1992/3/10,1.860100162,4.998998999,4.998998999,210,0,799
1992/3/11,1.893969648,5.004004004,5.004004004,210,0,800
1992/3/12,1.105927562,5.009009009,5.009009009,210,0,801
1992/3/13,0.220496164,5.014014014,5.014014014,210,0,802
1992/3/14,0.051736998,5.019019019,5.019019019,210,0,803
1992/3/15,0.754806462,5.024024024,5.024024024,210,0,804
1992/3/16,1.683305735,5.029029029,5.029029029,210,0,805
1992/3/17,1.983576866,5.034034034,5.034034034,210,0,806
1992/3/18,1.379551962,5.039039039,5.039039039,210,0,807
1992/3/19,0.426568735,5.044044044,5.044044044,210,0,808
1992/3/20,0.000795568,5.049049049,5.049049049,210,0,809
1992/3/21,0.493686348,5.054054054,5.054054054,210,0,810
1992/3/22,1.452079564,5.059059059,5.059059059,210,0,811
1992/3/23,1.994832914,5.064064064,5.064064064,210,0,812
1992/3/24,1.622941471,5.069069069,5.069069069,210,0,813
1992/3/25,0.678320512,5.074074074,5.074074074,210,0,814
1992/3/26,0.029450191,5.079079079,5.079079079,210,0,815
1992/3/27,0.272898889,5.084084084,5.084084084,210,0,816
1992/3/28,1.184840995,5.089089089,5.089089089,210,0,817
1992/3/29,1.926841143,5.094094094,5.094094094,210,0,818
1992/3/30,1.816707818,5.099099099,5.099099099,210,0,819
1992/3/31,0.955697092,5.104104104,5.104104104,210,0,820
1992/4/1,0.135418255,5.109109109,5.109109109,210,0,821
1992/4/2,0.110031887,5.114114114,5.114114114,210,0,822
1992/4/3,0.902878098,5.119119119,5.119119119,210,0,823
1992/4/4,1.785017737,5.124124124,5.124124124,210,0,824
1992/4/5,1.94541569,5.129129129,5.129129129,210,0,825
1992/4/6,1.236602817,5.134134134,5.134134134,210,0,826
1992/4/7,0.310258405,5.139139139,5.139139139,210,0,827
1992/4/8,0.018059235,5.144144144,5.144144144,210,0,828
1992/4/9,0.628651876,5.149149149,5.149149149,210,0,829
1992/4/10,1.580660269,5.154154154,5.154154154,210,0,830
1992/4/11,1.998812289,5.159159159,5.159159159,210,0,831
1992/4/12,1.498660897,5.164164164,5.164164164,210,0,832
1992/4/13,0.540042976,5.169169169,5.169169169,210,0,833
1992/4/14,0.004307422,5.174174174,5.174174174,210,0,834
1992/4/15,0.384007032,5.179179179,5.179179179,210,0,835
1992/4/16,1.330047737,5.184184184,5.184184184,210,0,836
1992/4/17,1.972644074,5.189189189,5.189189189,210,0,837
1992/4/18,1.720995935,5.194194194,5.194194194,210,0,838
1992/4/19,0.806467459,5.199199199,5.199199199,210,0,839
1992/4/20,0.069871908,5.204204204,5.204204204,210,0,840
1992/4/21,0.188431836,5.209209209,5.209209209,210,0,841
1992/4/22,1.053143791,5.214214214,5.214214214,210,0,842
1992/4/23,1.86899559,5.219219219,5.219219219,210,0,843
1992/4/24,1.885896851,5.224224224,5.224224224,210,0,844
1992/4/25,1.088308633,5.229229229,5.229229229,210,0,845
1992/4/26,0.209529865,5.234234234,5.234234234,210,0,846
1992/4/27,0.057505694,5.239239239,5.239239239,210,0,847
1992/4/28,0.772006441,5.244244244,5.244244244,210,0,848
1992/4/29,1.696123415,5.249249249,5.249249249,210,0,849
1992/4/30,1.980227732,5.254254254,5.254254254,210,0,850
1992/5/1,1.363115192,5.259259259,5.259259259,210,0,851
1992/5/2,0.41215622,5.264264264,5.264264264,210,0,852
1992/5/3,0.001658108,5.269269269,5.269269269,210,0,853
1992/5/4,0.509030927,5.274274274,5.274274274,210,0,854
1992/5/5,1.467798448,5.279279279,5.279279279,210,0,855
1992/5/6,1.996474233,5.284284284,5.284284284,210,0,856
1992/5/7,1.608996204,5.289289289,5.289289289,210,0,857
1992/5/8,0.661609873,5.294294294,5.294294294,210,0,858
1992/5/9,0.025337865,5.299299299,5.299299299,210,0,859
1992/5/10,0.285165729,5.304304304,5.304304304,210,0,860
1992/5/11,1.202208925,5.309309309,5.309309309,210,0,861
1992/5/12,1.933342168,5.314314314,5.314314314,210,0,862
1992/5/13,1.806364926,5.319319319,5.319319319,210,0,863
1992/5/14,0.93801949,5.324324324,5.324324324,210,0,864
1992/5/15,0.126658648,5.329329329,5.329329329,210,0,865
1992/5/16,0.118243818,5.334334334,5.334334334,210,0,866
1992/5/17,0.920511555,5.339339339,5.339339339,210,0,867
1992/5/18,1.795860602,5.344344344,5.344344344,210,0,868
1992/5/19,1.939499081,5.349349349,5.349349349,210,0,869
1992/5/20,1.219366439,5.354354354,5.354354354,210,0,870
1992/5/21,0.297549304,5.359359359,5.359359359,210,0,871
1992/5/22,0.0215621,5.364364364,5.364364364,210,0,872
1992/5/23,0.645146189,5.369369369,5.369369369,210,0,873
1992/5/24,1.594981236,5.374374374,5.374374374,210,0,874
1992/5/25,1.997793278,5.379379379,5.379379379,210,0,875
1992/5/26,1.483238783,5.384384384,5.384384384,210,0,876
1992/5/27,0.524396779,5.389389389,5.389389389,210,0,877
1992/5/28,0.002822183,5.394394394,5.394394394,210,0,878
1992/5/29,0.398048274,5.399399399,5.399399399,210,0,879
1992/5/30,1.346706005,5.404404404,5.404404404,210,0,880
1992/5/31,1.976603835,5.409409409,5.409409409,210,0,881
1992/6/1,1.708616602,5.414414414,5.414414414,210,0,882
1992/6/2,0.789130534,5.419419419,5.419419419,210,0,883
1992/6/3,0.06351688,5.424424424,5.424424424,210,0,884
1992/6/4,0.198901488,5.429429429,5.429429429,210,0,885
1992/6/5,1.070812374,5.434434434,5.434434434,210,0,886
1992/6/6,1.877618689,5.439439439,5.439439439,210,0,887
1992/6/7,1.877546429,5.444444444,5.444444444,210,0,888
1992/6/8,1.070662029,5.449449449,5.449449449,210,0,889
1992/6/9,0.198811285,5.454454454,5.454454454,210,0,890
1992/6/10,0.063569751,5.459459459,5.459459459,210,0,891
1992/6/11,0.789277869,5.464464464,5.464464464,210,0,892
1992/6/12,1.708722942,5.469469469,5.469469469,210,0,893
1992/6/13,1.976571411,5.474474474,5.474474474,210,0,894
1992/6/14,1.346564628,5.479479479,5.479479479,210,0,895
1992/6/15,0.397927924,5.484484484,5.484484484,210,0,896
1992/6/16,0.00283351,5.489489489,5.489489489,210,0,897
1992/6/17,0.524529368,5.494494494,5.494494494,210,0,898
1992/6/18,1.483370732,5.4994995,5.4994995,210,0,899
1992/6/19,1.997803274,5.504504505,5.504504505,210,0,900
1992/6/20,1.594860088,5.50950951,5.50950951,210,0,901
1992/6/21,0.64500528,5.514514515,5.514514515,210,0,902
1992/6/22,0.02153098,5.51951952,5.51951952,210,0,903
1992/6/23,0.297656585,5.524524525,5.524524525,210,0,904
1992/6/24,1.219513487,5.52952953,5.52952953,210,0,905
1992/6/25,1.939550701,5.534534535,5.534534535,210,0,906
1992/6/26,1.795769334,5.53953954,5.53953954,210,0,907
1992/6/27,0.920361311,5.544544545,5.544544545,210,0,908
1992/6/28,0.118172732,5.54954955,5.54954955,210,0,909
1992/6/29,0.126732076,5.554554555,5.554554555,210,0,910
1992/6/30,0.938169923,5.55955956,5.55955956,210,0,911
1992/7/1,1.806454057,5.564564565,5.564564565,210,0,912
1992/7/2,1.93328805,5.56956957,5.56956957,210,0,913
1992/7/3,1.202061315,5.574574575,5.574574575,210,0,914
1992/7/4,0.285060338,5.57957958,5.57957958,210,0,915
1992/7/5,0.025371589,5.584584585,5.584584585,210,0,916
1992/7/6,0.661751707,5.58958959,5.58958959,210,0,917
1992/7/7,1.609115745,5.594594595,5.594594595,210,0,918
1992/7/8,1.996461576,5.5995996,5.5995996,210,0,919
1992/7/9,1.46766523,5.604604605,5.604604605,210,0,920
1992/7/10,0.508899628,5.60960961,5.60960961,210,0,921
1992/7/11,0.001649443,5.614614615,5.614614615,210,0,922
1992/7/12,0.412278156,5.61961962,5.61961962,210,0,923
1992/7/13,1.363255622,5.624624625,5.624624625,210,0,924
1992/7/14,1.980257544,5.62962963,5.62962963,210,0,925
1992/7/15,1.696015201,5.634634635,5.634634635,210,0,926
1992/7/16,0.771859691,5.63963964,5.63963964,210,0,927
1992/7/17,0.05745533,5.644644645,5.644644645,210,0,928
1992/7/18,0.209622191,5.64964965,5.64964965,210,0,929
1992/7/19,1.088458765,5.654654655,5.654654655,210,0,930
1992/7/20,1.885966758,5.65965966,5.65965966,210,0,931
1992/7/21,1.868921,5.664664665,5.664664665,210,0,932
1992/7/22,1.052993281,5.66966967,5.66966967,210,0,933
1992/7/23,0.188343784,5.674674675,5.674674675,210,0,934
1992/7/24,0.069927269,5.67967968,5.67967968,210,0,935
1992/7/25,0.806615333,5.684684685,5.684684685,210,0,936
1992/7/26,1.721100368,5.68968969,5.68968969,210,0,937
1992/7/27,1.97260905,5.694694695,5.694694695,210,0,938
1992/7/28,1.329905457,5.6996997,5.6996997,210,0,939
1992/7/29,0.383888308,5.704704705,5.704704705,210,0,940
1992/7/30,0.004321407,5.70970971,5.70970971,210,0,941
1992/7/31,0.540176813,5.714714715,5.714714715,210,0,942
1992/8/1,1.498791536,5.71971972,5.71971972,210,0,943
1992/8/2,1.998819621,5.724724725,5.724724725,210,0,944
1992/8/3,1.580537553,5.72972973,5.72972973,210,0,945
1992/8/4,0.628511936,5.734734735,5.734734735,210,0,946
1992/8/5,0.018030731,5.73973974,5.73973974,210,0,947
1992/8/6,0.310367544,5.744744745,5.744744745,210,0,948
1992/8/7,1.236749256,5.74974975,5.74974975,210,0,949
1992/8/8,1.945464794,5.754754755,5.754754755,210,0,950
1992/8/9,1.78492436,5.75975976,5.75975976,210,0,951
1992/8/10,0.902728089,5.764764765,5.764764765,210,0,952
1992/8/11,0.109963165,5.76976977,5.76976977,210,0,953
1992/8/12,0.135494002,5.774774775,5.774774775,210,0,954
1992/8/13,0.955847667,5.77977978,5.77977978,210,0,955
1992/8/14,1.816794783,5.784784785,5.784784785,210,0,956
1992/8/15,1.926784543,5.78978979,5.78978979,210,0,957
1992/8/16,1.184692868,5.794794795,5.794794795,210,0,958
1992/8/17,0.272795422,5.7997998,5.7997998,210,0,959
1992/8/18,0.029486511,5.804804805,5.804804805,210,0,960
1992/8/19,0.678463226,5.80980981,5.80980981,210,0,961
1992/8/20,1.623059368,5.814814815,5.814814815,210,0,962
1992/8/21,1.994817601,5.81981982,5.81981982,210,0,963
1992/8/22,1.451945119,5.824824825,5.824824825,210,0,964
1992/8/23,0.493556379,5.82982983,5.82982983,210,0,965
1992/8/24,0.000789569,5.834834835,5.834834835,210,0,966
1992/8/25,0.426692221,5.83983984,5.83983984,210,0,967
1992/8/26,1.379691401,5.844844845,5.844844845,210,0,968
1992/8/27,1.983604058,5.84984985,5.84984985,210,0,969
1992/8/28,1.68319568,5.854854855,5.854854855,210,0,970
1992/8/29,0.754660344,5.85985986,5.85985986,210,0,971
1992/8/30,0.051689157,5.864864865,5.864864865,210,0,972
1992/8/31,0.220590585,5.86986987,5.86986987,210,0,973
1992/9/1,1.106077435,5.874874875,5.874874875,210,0,974
1992/9/2,1.894037181,5.87987988,5.87987988,210,0,975
1992/9/3,1.860023265,5.884884885,5.884884885,210,0,976
1992/9/4,1.035307926,5.88988989,5.88988989,210,0,977
1992/9/5,0.178130642,5.894894895,5.894894895,210,0,978
1992/9/6,0.076576256,5.8998999,5.8998999,210,0,979
1992/9/7,0.824013401,5.904904905,5.904904905,210,0,980
1992/9/8,1.733251814,5.90990991,5.90990991,210,0,981
1992/9/9,1.96834189,5.914914915,5.914914915,210,0,982
1992/9/10,1.313142899,5.91991992,5.91991992,210,0,983
1992/9/11,0.37004177,5.924924925,5.924924925,210,0,984
1992/9/12,0.006121333,5.92992993,5.92992993,210,0,985
1992/9/13,0.555968359,5.934934935,5.934934935,210,0,986
1992/9/14,1.514056028,5.93993994,5.93993994,210,0,987
1992/9/15,1.999522956,5.944944945,5.944944945,210,0,988
1992/9/16,1.566033088,5.94994995,5.94994995,210,0,989
1992/9/17,0.612135009,5.954954955,5.954954955,210,0,990
1992/9/18,0.014838215,5.95995996,5.95995996,210,0,991
1992/9/19,0.323294622,5.964964965,5.964964965,210,0,992
1992/9/20,1.253910833,5.96996997,5.96996997,210,0,993
1992/9/21,1.951082595,5.974974975,5.974974975,210,0,994
1992/9/22,1.773833405,5.97997998,5.97997998,210,0,995
1992/9/23,0.885125351,5.984984985,5.984984985,210,0,996
1992/9/24,0.10203252,5.98998999,5.98998999,210,0,997
1992/9/25,0.144526848,5.994994995,5.994994995,210,0,998
1992/9/26,0.973539247,6,6,210,0,999
